id,first_name,last_name,email,gender,ip_address
1,Robinetta,Methley,rmethley0@google.ru,Female,51.158.168.104
2,Romeo,Micallef,rmicallef1@forbes.com,Male,232.242.122.10
3,Rollie,Phythien,rphythien2@rakuten.co.jp,Male,244.79.20.166
4,Caryn,Klosa,cklosa3@quantcast.com,Female,162.98.7.37
5,Perla,Kinavan,pkinavan4@ca.gov,Female,145.174.39.139
6,Eada,Enbury,eenbury5@bloomberg.com,Female,148.187.28.108
7,Darwin,Wurst,dwurst6@wunderground.com,Male,233.185.70.71
8,Shanna,Tams,stams7@posterous.com,Female,94.223.114.170
9,Carmita,Ickovicz,cickovicz8@time.com,Female,229.175.65.103
10,Gwenora,Hebditch,ghebditch9@usa.gov,Female,1.47.25.251
11,Christos,Head,cheada@plala.or.jp,Male,92.120.232.192
12,Renato,Leifer,rleiferb@hostgator.com,Male,232.55.107.241
13,Stern,Delacote,sdelacotec@cafepress.com,Male,114.208.92.39
14,Garrick,Arnopp,garnoppd@sina.com.cn,Male,75.154.46.140
15,Lefty,Sellman,lsellmane@altervista.org,Male,35.149.193.161
16,Allx,Warrack,awarrackf@google.fr,Female,171.185.174.103
17,Fredric,Schwieso,fschwiesog@studiopress.com,Male,80.229.32.235
18,Patric,Kulicke,pkulickeh@ifeng.com,Male,248.115.167.210
19,Cassy,Pesek,cpeseki@mapy.cz,Female,59.88.91.155
20,Chad,Micheau,cmicheauj@cnet.com,Male,188.137.151.252
21,Mateo,Arniz,marnizk@google.com,Male,31.193.228.128
22,Vite,Stormonth,vstormonthl@toplist.cz,Male,8.208.31.66
23,Drew,Phil,dphilm@npr.org,Male,177.6.105.233
24,Tricia,Colclough,tcolcloughn@free.fr,Female,28.12.39.168
25,Manny,Lanahan,mlanahano@reddit.com,Male,162.61.35.120
26,Claudianus,Stanes,cstanesp@merriam-webster.com,Male,235.43.44.246
27,Arden,Wessel,awesselq@stanford.edu,Female,138.62.211.106
28,Clerissa,Risdale,crisdaler@craigslist.org,Female,63.187.76.87
29,Quent,Ranahan,qranahans@economist.com,Male,204.78.43.89
30,Kelwin,Doxsey,kdoxseyt@reddit.com,Male,28.4.109.220
31,Jamaal,Scouse,jscouseu@virginia.edu,Male,85.169.6.42
32,Zebadiah,McGlaud,zmcglaudv@wsj.com,Male,221.16.152.125
33,Molli,Brompton,mbromptonw@shutterfly.com,Female,237.116.103.222
34,Emmalynn,McKevitt,emckevittx@gizmodo.com,Female,77.131.120.79
35,Dianne,Toxell,dtoxelly@oakley.com,Female,137.84.127.67
36,Douglas,Whiteford,dwhitefordz@weather.com,Male,219.230.91.221
37,Sinclair,Askie,saskie10@google.co.uk,Male,107.220.231.31
38,Jamie,Offener,joffener11@oakley.com,Male,159.120.216.242
39,Electra,Bernardi,ebernardi12@abc.net.au,Female,150.164.255.132
40,Godard,Worton,gworton13@hp.com,Male,40.173.40.191
41,Ado,Laimable,alaimable14@ucoz.ru,Male,147.105.59.81
42,Kittie,Strutton,kstrutton15@nsw.gov.au,Female,194.175.23.28
43,Barclay,Kaspar,bkaspar16@businessweek.com,Male,27.151.120.204
44,Randal,Tremberth,rtremberth17@ehow.com,Male,250.169.8.198
45,Brianna,Copcutt,bcopcutt18@miibeian.gov.cn,Female,176.91.89.220
46,Roseann,Arnould,rarnould19@google.ca,Female,67.49.254.142
47,Ladonna,Jeenes,ljeenes1a@dot.gov,Female,208.241.246.205
48,Toddy,Abbett,tabbett1b@paginegialle.it,Male,6.202.190.119
49,Ivette,Raffin,iraffin1c@topsy.com,Female,96.127.72.172
50,Emmaline,Netherwood,enetherwood1d@wix.com,Female,252.216.76.255
51,Lorry,Hagard,lhagard1e@msn.com,Male,24.216.240.255
52,Tucker,Fante,tfante1f@tripadvisor.com,Male,43.187.26.203
53,Leah,Bomb,lbomb1g@soup.io,Female,161.195.7.178
54,Lindsey,Peabody,lpeabody1h@usa.gov,Male,65.87.6.181
55,Joana,Daltrey,jdaltrey1i@google.ru,Female,233.178.126.114
56,Conrad,Blasing,cblasing1j@domainmarket.com,Male,45.229.118.164
57,Cart,Van Der Walt,cvanderwalt1k@miitbeian.gov.cn,Male,57.155.67.166
58,Putnam,Garret,pgarret1l@webnode.com,Male,109.106.41.51
59,Alistair,Reding,areding1m@auda.org.au,Male,141.124.59.177
60,Sidonia,Samwell,ssamwell1n@indiatimes.com,Female,85.21.82.242
61,Carin,Boow,cboow1o@columbia.edu,Female,194.165.252.238
62,Edwina,Yesinov,eyesinov1p@free.fr,Female,3.47.131.252
63,Gerrard,Henrionot,ghenrionot1q@google.es,Male,246.53.19.45
64,Blondy,Spenley,bspenley1r@cbslocal.com,Female,53.120.212.10
65,Humphrey,Bottini,hbottini1s@timesonline.co.uk,Male,217.194.140.62
66,Maible,Ortega,mortega1t@netvibes.com,Female,179.50.141.111
67,Tami,Rizzardo,trizzardo1u@sohu.com,Female,167.209.141.68
68,Gauthier,Barthot,gbarthot1v@squidoo.com,Male,170.2.187.86
69,Barby,Davidoff,bdavidoff1w@springer.com,Female,230.16.51.90
70,Michell,Flintoff,mflintoff1x@telegraph.co.uk,Female,216.21.5.171
71,Denys,Lumpkin,dlumpkin1y@google.co.jp,Male,118.173.100.95
72,Daffy,Castiello,dcastiello1z@npr.org,Female,183.166.171.195
73,Lianne,Holdworth,lholdworth20@joomla.org,Female,117.11.33.89
74,Krissie,Mandres,kmandres21@dagondesign.com,Female,105.36.75.67
75,Arnaldo,Torrecilla,atorrecilla22@squidoo.com,Male,3.183.185.108
76,Bogey,Partleton,bpartleton23@dropbox.com,Male,91.232.121.152
77,Cyrill,Cuckson,ccuckson24@hud.gov,Male,121.74.63.225
78,Cairistiona,Brewett,cbrewett25@wired.com,Female,118.128.52.76
79,Mandie,Orchard,morchard26@chronoengine.com,Female,116.204.111.178
80,Del,Jopke,djopke27@europa.eu,Female,83.238.2.44
81,Freddie,Poppleton,fpoppleton28@sina.com.cn,Male,187.123.129.229
82,Garvy,Wayne,gwayne29@geocities.com,Male,165.46.219.171
83,Dyan,Ourry,dourry2a@google.ru,Female,230.60.136.226
84,Albie,Hollingshead,ahollingshead2b@nhs.uk,Male,203.43.136.176
85,Jae,Cerie,jcerie2c@amazon.de,Male,63.105.31.91
86,Kris,Fassam,kfassam2d@fema.gov,Male,202.101.189.86
87,Alejandro,MacKegg,amackegg2e@chicagotribune.com,Male,117.160.196.23
88,Lona,Caskey,lcaskey2f@free.fr,Female,228.102.81.213
89,Kerwinn,Geill,kgeill2g@uiuc.edu,Male,26.15.210.87
90,Lind,Beckmann,lbeckmann2h@yelp.com,Male,20.79.31.146
91,Ashlin,Harsent,aharsent2i@squarespace.com,Male,4.127.55.191
92,Irma,Musico,imusico2j@clickbank.net,Female,113.223.189.230
93,Alexina,Dorant,adorant2k@360.cn,Female,181.99.203.189
94,Rosalind,Pheazey,rpheazey2l@accuweather.com,Female,137.111.146.37
95,Gavin,Gunton,ggunton2m@histats.com,Male,23.45.91.213
96,Rustin,Sollam,rsollam2n@amazon.co.uk,Male,14.219.52.9
97,Godard,Shiell,gshiell2o@diigo.com,Male,169.182.124.190
98,Dara,Campana,dcampana2p@surveymonkey.com,Female,185.160.26.17
99,Cos,Oakland,coakland2q@cnn.com,Male,100.185.16.126
100,Cecil,Trimming,ctrimming2r@tripod.com,Female,122.27.63.92
